{
  "id": "1346626",
  "name": "node-xiao",
  "font_family": "iconfont",
  "css_prefix_text": "xl-icon-",
  "description": "",
  "glyphs": [
    {
      "icon_id": "1048223",
      "name": "支付 (1)",
      "font_class": "zhifu1",
      "unicode": "e6af",
      "unicode_decimal": 59055
    },
    {
      "icon_id": "2741962",
      "name": "日历",
      "font_class": "rili",
      "unicode": "e600",
      "unicode_decimal": 58880
    },
    {
      "icon_id": "4511721",
      "name": "退货",
      "font_class": "tuihuo",
      "unicode": "e6a1",
      "unicode_decimal": 59041
    },
    {
      "icon_id": "4828123",
      "name": "取消订单",
      "font_class": "quxiaodingdan",
      "unicode": "e643",
      "unicode_decimal": 58947
    },
    {
      "icon_id": "7607389",
      "name": "邮箱",
      "font_class": "youxiang3",
      "unicode": "e612",
      "unicode_decimal": 58898
    },
    {
      "icon_id": "9253405",
      "name": "订单",
      "font_class": "layer",
      "unicode": "e611",
      "unicode_decimal": 58897
    },
    {
      "icon_id": "11207315",
      "name": "用户",
      "font_class": "yonghu1",
      "unicode": "e604",
      "unicode_decimal": 58884
    },
    {
      "icon_id": "11474197",
      "name": "arrow-down",
      "font_class": "arrow-down",
      "unicode": "e6eb",
      "unicode_decimal": 59115
    },
    {
      "icon_id": "11474198",
      "name": "arrow-right",
      "font_class": "arrow-right",
      "unicode": "e6ec",
      "unicode_decimal": 59116
    },
    {
      "icon_id": "11474313",
      "name": "Not visible",
      "font_class": "Notvisible",
      "unicode": "e6fe",
      "unicode_decimal": 59134
    },
    {
      "icon_id": "11474324",
      "name": "play",
      "font_class": "play",
      "unicode": "e701",
      "unicode_decimal": 59137
    },
    {
      "icon_id": "11487977",
      "name": "arrow-right",
      "font_class": "arrow-right1",
      "unicode": "e743",
      "unicode_decimal": 59203
    },
    {
      "icon_id": "11487978",
      "name": "arrow-lift",
      "font_class": "arrow-lift",
      "unicode": "e744",
      "unicode_decimal": 59204
    },
    {
      "icon_id": "11488001",
      "name": "close",
      "font_class": "close",
      "unicode": "e747",
      "unicode_decimal": 59207
    },
    {
      "icon_id": "11488026",
      "name": "double-arro- right",
      "font_class": "double-arro-right",
      "unicode": "e74c",
      "unicode_decimal": 59212
    },
    {
      "icon_id": "11488028",
      "name": "double-arrow-left",
      "font_class": "double-arrow-left",
      "unicode": "e74d",
      "unicode_decimal": 59213
    },
    {
      "icon_id": "11488052",
      "name": "help",
      "font_class": "help",
      "unicode": "e752",
      "unicode_decimal": 59218
    },
    {
      "icon_id": "11488060",
      "name": "left button",
      "font_class": "leftbutton",
      "unicode": "e755",
      "unicode_decimal": 59221
    },
    {
      "icon_id": "11488069",
      "name": "loading",
      "font_class": "loading",
      "unicode": "e756",
      "unicode_decimal": 59222
    },
    {
      "icon_id": "11488302",
      "name": "reeor-fill",
      "font_class": "reeor-fill",
      "unicode": "e789",
      "unicode_decimal": 59273
    },
    {
      "icon_id": "11488306",
      "name": "prompt-fill",
      "font_class": "prompt-fill",
      "unicode": "e788",
      "unicode_decimal": 59272
    },
    {
      "icon_id": "11488326",
      "name": "success-fill",
      "font_class": "success-fill",
      "unicode": "e78d",
      "unicode_decimal": 59277
    },
    {
      "icon_id": "11488341",
      "name": "warning-fill",
      "font_class": "warning-fill",
      "unicode": "e790",
      "unicode_decimal": 59280
    },
    {
      "icon_id": "11670787",
      "name": "密码",
      "font_class": "mima1",
      "unicode": "ed6a",
      "unicode_decimal": 60778
    }
  ]
}
